ID;name;fullName;substrate;location;moiety;AminoAcid;position;evidenceCode;publication;ProteinEntryReviewed;motif;pep
A0A804HLA8;GBG5B;Guanine nucleotide-binding protein G(I)/G(S)/G(O) subunit gamma-5B;G protein gamma;Membrane;S-geranylgeranyl cysteine;C;-4;ECO_0000250;;true;CXXX;FRPQKVCSFL
A4D1S5;RAB19;Ras-related protein Rab-19;Rab;Membrane;S-geranylgeranyl cysteine;C;[-3, -1];ECO_0000250;;true;CXC;GPSEKTHCTC
A6NIZ1;RP1BL;Ras-related protein Rap-1b-like protein;Ras;Membrane;S-geranylgeranyl cysteine;C;-4;ECO_0000250;;true;CXXX;ARKKSSCQLL
O00194;RB27B;Ras-related protein Rab-27B;Rab;Membrane;S-geranylgeranyl cysteine;C;[-3, -1];ECO_0000250;;true;CXC;EKPPEKKCIC
O00212;RHOD;Rho-related GTP-binding protein RhoD;Rho;Membrane;S-geranylgeranyl cysteine;C;-4;ECO_0000250;;true;CAAX;RITQGFCVVT
O14807;RASM;Ras-related protein M-Ras;Ras;Membrane;S-geranylgeranyl cysteine;C;-4;ECO_0000250;;true;CAAX;GTHKLQCVIL
O14966;RAB7L;Ras-related protein Rab-7L1;Rab;Membrane;S-geranylgeranyl cysteine;C;[-2, -1];ECO_0000250;;true;CC;QTKSSSWSCC
O60262;GBG7;Guanine nucleotide-binding protein G(I)/G(S)/G(O) subunit gamma-7;G protein gamma;Membrane;S-geranylgeranyl cysteine;C;-4;ECO_0000250;;true;CAAX;FKDKKPCIIL
O95057;DIRA1;GTP-binding protein Di-Ras1;Di-Ras;Membrane;S-geranylgeranyl cysteine;C;-4;ECO_0000250;;true;CXXX;DRVKGKCTLM
O95164;UBL3;Ubiquitin-like protein 3;UBL3;Membrane;S-geranylgeranyl cysteine;C;-4;ECO_0000305;doi:10.1074/jbc.m602283200;true;CAAX;TGESNCCVIL
O95661;DIRA3;GTP-binding protein Di-Ras3;Di-Ras;Membrane;S-geranylgeranyl cysteine;C;-4;ECO_0000250;;true;CAAX;EKLLDKCIIM
O95716;RAB3D;Ras-related protein Rab-3D;Rab;Membrane;S-geranylgeranyl cysteine;C;[-3, -1];ECO_0000250;;true;CXC;PAPQPSSCSC
O95755;RAB36;Ras-related protein Rab-36;Rab;Membrane;S-geranylgeranyl cysteine;C;[-2, -1];ECO_0000255;;true;CC;SKRPSSLGCC
P00973;OAS1;2'-5'-oligoadenylate synthase 1;2-5A synthase;['Mitochondrion', 'Microsome', 'Cytoplasm', 'Nucleus', 'Secreted', 'Endoplasmic reticulum'];S-geranylgeranyl cysteine;C;-4;ECO_0000305;doi:10.1126/science.abj3624;true;CXXX;AEEDWTCTIL
P08134;RHOC;Rho-related GTP-binding protein RhoC;Rho;Membrane;S-geranylgeranyl cysteine;C;-4;ECO_0000250;;true;CXXX;NKRRRGCPIL
P0C0E4;RB40L;Ras-related protein Rab-40A-like;Rab;Membrane;S-geranylgeranyl cysteine;C;-4;ECO_0000250;;true;CXXX;NCTRNSCKIS
P10301;RRAS;Ras-related protein R-Ras;Ras;Membrane;S-geranylgeranyl cysteine;C;-4;ECO_0000250;;true;CAAX;KGGGCPCVLL
P11233;RALA;Ras-related protein Ral-A;Ras;Membrane;S-geranylgeranyl cysteine;C;-4;ECO_0000269;['doi:10.1016/s0021-9258(18)92889-9', 'doi:10.1128/mcb.00057-07'];true;CXXX;KRIRERCCIL
P11234;RALB;Ras-related protein Ral-B;Ras;Membrane;S-geranylgeranyl cysteine;C;-4;ECO_0000269;doi:10.1128/mcb.00057-07;true;CXXX;KSFKERCCLL
P15153;RAC2;Ras-related C3 botulinum toxin substrate 2;Rho;Cytoplasm;S-geranylgeranyl cysteine;C;-4;ECO_0000269;doi:10.1016/s0021-9258(18)92889-9;true;CXXX;RQQKRACSLL
P20336;RAB3A;Ras-related protein Rab-3A;Rab;Membrane;S-geranylgeranyl cysteine;C;[-3, -1];ECO_0000269;['doi:10.1073/pnas.88.14.6264', 'doi:10.1073/pnas.91.25.11963'];true;CXC;QVPPHQDCAC
P20337;RAB3B;Ras-related protein Rab-3B;Rab;Membrane;S-geranylgeranyl cysteine;C;[-3, -1];ECO_0000250;;true;CXC;PPLLQQNCSC
P20338;RAB4A;Ras-related protein Rab-4A;Rab;Membrane;S-geranylgeranyl cysteine;C;[-3, -1];ECO_0000250;;true;CXC;QAPNAQECGC
P20339;RAB5A;Ras-related protein Rab-5A;Rab;Membrane;S-geranylgeranyl cysteine;C;[-4, -3];ECO_0000269;doi:10.1073/pnas.91.25.11963;true;CXXX;QPTRNQCCSN
P20340;RAB6A;Ras-related protein Rab-6A;Rab;Membrane;S-geranylgeranyl cysteine;C;[-3, -1];ECO_0000250;;true;CXC;QPVSEGGCSC
P25686;DNJB2;DnaJ homolog subfamily B member 2;DNJB2;Membrane;S-geranylgeranyl cysteine;C;-4;ECO_0000269;doi:10.1074/jbc.m212349200;true;CAAX;EEKASRCLIL
P32456;GBP2;Guanylate-binding protein 2;GB1/RHD3 GTPase;Membrane;S-geranylgeranyl cysteine;C;-4;ECO_0000269;doi:10.1371/journal.pone.0014246;true;CXXX;KSLEPICNIL
P35913;PDE6B;Rod cGMP-specific 3',5'-cyclic phosphodiesterase subunit beta;cyclic nucleotide phosphodiesterase;Membrane;S-geranylgeranyl cysteine;C;-4;ECO_0000250;;true;CXXX;APKSSTCCIL
P43353;AL3B1;Aldehyde dehydrogenase family 3 member B1;aldehyde dehydrogenase;Membrane;S-geranylgeranyl cysteine;C;-4;ECO_0000269;doi:10.1016/j.bbalip.2013.05.007;true;CXXX;EAQGCSCTLL
P48448;AL3B2;Aldehyde dehydrogenase family 3 member B2;aldehyde dehydrogenase;Lipid droplet;S-geranylgeranyl cysteine;C;-4;ECO_0000250;;true;CXXX;GMGSQSCTLL
P50150;GBG4;Guanine nucleotide-binding protein G(I)/G(S)/G(O) subunit gamma-4;G protein gamma;Membrane;S-geranylgeranyl cysteine;C;-4;ECO_0000269;doi:10.1074/jbc.270.37.21765;true;CXXX;REKKFFCTIL
P50151;GBG10;Guanine nucleotide-binding protein G(I)/G(S)/G(O) subunit gamma-10;G protein gamma;Membrane;S-geranylgeranyl cysteine;C;-4;ECO_0000269;doi:10.1074/jbc.270.37.21765;true;CAAX;FREPRSCALL
P51148;RAB5C;Ras-related protein Rab-5C;Rab;Membrane;S-geranylgeranyl cysteine;C;[-4, -3];ECO_0000250;;true;CXXX;PASRSQCCSN
P51149;RAB7A;Ras-related protein Rab-7a;Rab;Membrane;S-geranylgeranyl cysteine;C;[-3, -1];ECO_0000250;;true;CXC;AKASAESCSC
P51151;RAB9A;Ras-related protein Rab-9A;Rab;Membrane;S-geranylgeranyl cysteine;C;[-2, -1];ECO_0000250;;true;CC;RKPKPSSSCC
P51153;RAB13;Ras-related protein Rab-13;Rab;Membrane;S-geranylgeranyl cysteine;C;-4;ECO_0000269;doi:10.1016/0014-5793(93)80897-4;true;CXXX;KKNTNKCSLG
P51159;RB27A;Ras-related protein Rab-27A;Rab;Membrane;S-geranylgeranyl cysteine;C;[-3, -1];ECO_0000250;;true;CXC;EEKEKGACGC
P51160;PDE6C;Cone cGMP-specific 3',5'-cyclic phosphodiesterase subunit alpha';cyclic nucleotide phosphodiesterase;Membrane;S-geranylgeranyl cysteine;C;-4;ECO_0000250;;true;CXXX;DKKSKTCLML
P52198;RND2;Rho-related GTP-binding protein RhoN;Rho;Membrane;S-geranylgeranyl cysteine;C;-4;ECO_0000250;;true;CXXX;KDRAKSCNLM
P57729;RAB38;Ras-related protein Rab-38;Rab;Membrane;S-geranylgeranyl cysteine;C;-4;ECO_0000305;doi:10.1074/jbc.m605557200;true;CXXX;VASCSGCAKS
P57735;RAB25;Ras-related protein Rab-25;Rab;Membrane;S-geranylgeranyl cysteine;C;[-5, -4];ECO_0000250;;true;CXXX;GEKRACCISL
P59190;RAB15;Ras-related protein Rab-15;Rab;Membrane;S-geranylgeranyl cysteine;C;[-3, -1];ECO_0000250;;true;CXC;PANSSKTCWC
P59768;GBG2;Guanine nucleotide-binding protein G(I)/G(S)/G(O) subunit gamma-2;G protein gamma;Membrane;S-geranylgeranyl cysteine;C;-4;ECO_0000250;;true;CAAX;REKKFFCAIL
P60763;RAC3;Ras-related C3 botulinum toxin substrate 3;Rho;Membrane;S-geranylgeranyl cysteine;C;-4;ECO_0000250;;true;CXXX;KKPGKKCTVF
P60953;CDC42;Cell division control protein 42 homolog;Rho;Membrane;S-geranylgeranyl cysteine;C;-4;['ECO_0000269', 'ECO_0007744'];['doi:10.1016/s0092-8674(00)80670-4'];true;CAAX;PKKSRRCVLL
P61006;RAB8A;Ras-related protein Rab-8A;Rab;Membrane;S-geranylgeranyl cysteine;C;-4;ECO_0000269;doi:10.1016/0014-5793(93)80897-4;true;CAAX;RSSFFRCVLL
P61018;RAB4B;Ras-related protein Rab-4B;Rab;Membrane;S-geranylgeranyl cysteine;C;[-3, -1];ECO_0000250;;true;CXC;QAVAPQPCGC
P61019;RAB2A;Ras-related protein Rab-2A;Rab;Membrane;S-geranylgeranyl cysteine;C;[-2, -1];ECO_0000269;doi:10.1073/pnas.88.14.6264;true;CC;GGQQAGGGCC
P61020;RAB5B;Ras-related protein Rab-5B;Rab;Membrane;S-geranylgeranyl cysteine;C;[-4, -3];ECO_0000250;;true;CXXX;QQNKSQCCSN
P61026;RAB10;Ras-related protein Rab-10;Rab;Membrane;S-geranylgeranyl cysteine;C;[-2, -1];ECO_0000250;;true;CC;GVTGWKSKCC
P61106;RAB14;Ras-related protein Rab-14;Rab;Membrane;S-geranylgeranyl cysteine;C;[-3, -1];ECO_0000250;;true;CXC;PQPQREGCGC
P61224;RAP1B;Ras-related protein Rap-1b;Ras;Membrane;S-geranylgeranyl cysteine;C;-4;ECO_0000269;doi:10.1073/pnas.87.22.8960;true;CXXX;ARKKSSCQLL
P61225;RAP2B;Ras-related protein Rap-2b;Ras;Membrane;S-geranylgeranyl cysteine;C;-4;ECO_0000269;doi:10.1042/bj2890349;true;CAAX;EGCCSACVIL
P61586;RHOA;Transforming protein RhoA;Rho;Membrane;S-geranylgeranyl cysteine;C;-4;ECO_0000250;;true;CAAX;GKKKSGCLVL
P62491;RB11A;Ras-related protein Rab-11A;Rab;Membrane;S-geranylgeranyl cysteine;C;[-5, -4];ECO_0000269;doi:10.1074/mcp.m113.030114;true;CXXX;KPKVQCCQNI
P62820;RAB1A;Ras-related protein Rab-1A;Rab;Membrane;S-geranylgeranyl cysteine;C;[-2, -1];ECO_0000269;doi:10.1073/pnas.91.25.11963;true;CC;PVKQSGGGCC
P62834;RAP1A;Ras-related protein Rap-1A;Ras;Membrane;S-geranylgeranyl cysteine;C;-4;ECO_0000269;doi:10.1128/mcb.11.3.1523-1530.1991;true;CAAX;KPKKKSCLLL
P63000;RAC1;Ras-related C3 botulinum toxin substrate 1;Rho;Membrane;S-geranylgeranyl cysteine;C;-4;ECO_0000269;doi:10.1016/s0021-9258(18)92889-9;true;CAAX;KKRKRKCLLL
P63215;GBG3;Guanine nucleotide-binding protein G(I)/G(S)/G(O) subunit gamma-3;G protein gamma;Membrane;S-geranylgeranyl cysteine;C;-4;ECO_0000250;;true;CAAX;REKKFFCALL
P63218;GBG5;Guanine nucleotide-binding protein G(I)/G(S)/G(O) subunit gamma-5;G protein gamma;Membrane;S-geranylgeranyl cysteine;C;-4;ECO_0000250;;true;CXXX;FRPQKVCSFL
P84095;RHOG;Rho-related GTP-binding protein RhoG;Rho;Membrane;S-geranylgeranyl cysteine;C;-4;ECO_0000250;;true;CAAX;IKRGRSCILL
Q12829;RB40B;Ras-related protein Rab-40B;Rab;Membrane;S-geranylgeranyl cysteine;C;-4;ECO_0000250;;true;CXXX;NCTRNSCKIS
Q13636;RAB31;Ras-related protein Rab-31;Rab;Membrane;S-geranylgeranyl cysteine;C;[-2, -1];ECO_0000250;;true;CC;PTMQASRRCC
Q13637;RAB32;Ras-related protein Rab-32;Rab;Membrane;S-geranylgeranyl cysteine;C;[-2, -1];ECO_0000250;;true;CC;LRAENKSQCC
Q14088;RB33A;Ras-related protein Rab-33A;Rab;Membrane;S-geranylgeranyl cysteine;C;[-3, -1];ECO_0000250;;true;CXC;EANSKTSCPC
Q14964;RB39A;Ras-related protein Rab-39A;Rab;Membrane;S-geranylgeranyl cysteine;C;[-3, -1];ECO_0000250;;true;CXC;AVKPRKECFC
Q15286;RAB35;Ras-related protein Rab-35;Rab;Membrane;S-geranylgeranyl cysteine;C;[-2, -1];ECO_0000250;;true;CC;KNSKRKKRCC
Q15669;RHOH;Rho-related GTP-binding protein RhoH;Rho;Membrane;S-geranylgeranyl cysteine;C;-4;ECO_0000250;;true;CXXX;LFSINECKIF
Q15771;RAB30;Ras-related protein Rab-30;Rab;Membrane;S-geranylgeranyl cysteine;C;[-5, -4];ECO_0000250;;true;CXXX;ISYLTCCNFN
Q15907;RB11B;Ras-related protein Rab-11B;Rab;Membrane;S-geranylgeranyl cysteine;C;[-5, -4];ECO_0000269;doi:10.1074/mcp.m113.030114;true;CXXX;PNKLQCCQNL
Q5JT25;RAB41;Ras-related protein Rab-41;Rab;Cytoplasm;S-geranylgeranyl cysteine;C;-1;ECO_0000250;;true;C;FEESGNRSYC
Q6IQ22;RAB12;Ras-related protein Rab-12;Rab;Membrane;S-geranylgeranyl cysteine;C;[-2, -1];ECO_0000250;;true;CC;PPPRPHVRCC
Q7Z6P3;RAB44;Ras-related protein Rab-44;Rab;Membrane;S-geranylgeranyl cysteine;C;[-3, -2];ECO_0000250;;true;CCX;RPPKRFGCCS
Q86YS6;RAB43;Ras-related protein Rab-43;Rab;Membrane;S-geranylgeranyl cysteine;C;[-3, -1];ECO_0000250;;true;CXC;DIGEGWGCGC
Q8N4Z0;RAB42;Ras-related protein Rab-42;Rab;Membrane;S-geranylgeranyl cysteine;C;[-3, -1];ECO_0000250;;true;CXC;RKQHSGPCQC
Q8WTQ7;GRK7;Rhodopsin kinase GRK7;AGC Ser/Thr protein kinase;Membrane;S-geranylgeranyl cysteine;C;-4;ECO_0000255;;true;CAAX;SSKSGVCLLL
Q8WUD1;RAB2B;Ras-related protein Rab-2B;Rab;Membrane;S-geranylgeranyl cysteine;C;[-2, -1];ECO_0000250;;true;CC;RDIGSNSGCC
Q8WV99;ZFN2B;AN1-type zinc finger protein 2B;ZFN2B;Membrane;S-geranylgeranyl cysteine;C;-4;ECO_0000250;;true;CXXX;SSKPSNCSLC
Q8WXH6;RB40A;Ras-related protein Rab-40A;Rab;Membrane;S-geranylgeranyl cysteine;C;-4;ECO_0000250;;true;CXXX;NCTRNSCKIS
Q92730;RND1;Rho-related GTP-binding protein Rho6;Rho;Membrane;S-geranylgeranyl cysteine;C;-4;ECO_0000250;;true;CXXX;KEKAKSCSIM
Q92834;RPGR;X-linked retinitis pigmentosa GTPase regulator;RPGR;['Golgi apparatus', 'Flagellum axoneme', 'Cilium', 'Centrosome', 'Cilium axoneme', 'Cilium basal body'];S-geranylgeranyl cysteine;C;-4;ECO_0000255;;true;CXXX;ERRSKSCTIL
Q92928;RAB1C;Putative Ras-related protein Rab-1C;Rab;Membrane;S-geranylgeranyl cysteine;C;[-2, -1];ECO_0000250;;true;CC;PVKPAGGGCC
Q92930;RAB8B;Ras-related protein Rab-8B;Rab;Membrane;S-geranylgeranyl cysteine;C;-4;ECO_0000250;;true;CXXX;KTSFFRCSLL
Q969Q5;RAB24;Ras-related protein Rab-24;Rab;Membrane;S-geranylgeranyl cysteine;C;[-4, -3];ECO_0000250;;true;CXXX;NPYFYSCCHH
Q96AH8;RAB7B;Ras-related protein Rab-7b;Rab;Membrane;S-geranylgeranyl cysteine;C;[-2, -1];ECO_0000250;;true;CC;SPDQSRSRCC
Q96AX2;RAB37;Ras-related protein Rab-37;Rab;Cytoplasmic vesicle;S-geranylgeranyl cysteine;C;[-5, -4];ECO_0000250;;true;CXXX;KKRSSCCSFM
Q96DA2;RB39B;Ras-related protein Rab-39B;Rab;Membrane;S-geranylgeranyl cysteine;C;[-3, -1];ECO_0000250;;true;CXC;VVKSERRCLC
Q96E17;RAB3C;Ras-related protein Rab-3C;Rab;Membrane;S-geranylgeranyl cysteine;C;[-3, -1];ECO_0000250;;true;CXC;PPPPQPNCAC
Q96HU8;DIRA2;GTP-binding protein Di-Ras2;Di-Ras;Membrane;S-geranylgeranyl cysteine;C;-4;ECO_0000250;;true;CAAX;EKLKGKCVIM
Q96PP8;GBP5;Guanylate-binding protein 5;GB1/RHD3 GTPase;Membrane;S-geranylgeranyl cysteine;C;-4;ECO_0000269;doi:10.1371/journal.pone.0014246;true;CAAX;VNNDDPCVLL
Q96S21;RB40C;Ras-related protein Rab-40C;Rab;Membrane;S-geranylgeranyl cysteine;C;-4;ECO_0000250;;true;CXXX;NCSRSNCKIS
Q96S79;RSLAB;Ras-like protein family member 10B;Ras;Membrane;S-geranylgeranyl cysteine;C;-4;ECO_0000255;;true;CAAX;ALRRNRCAIM
Q9BRT3;MIEN1;Migration and invasion enhancer 1;SelWTH;Membrane;S-geranylgeranyl cysteine;C;-4;ECO_0000269;['doi:10.1074/jbc.m111.254599', 'doi:10.1038/onc.2009.145'];true;CAAX;TNSRPPCVIL
Q9BSW2;EFC4B;EF-hand calcium-binding domain-containing protein 4B;EFCAB4;Membrane;S-geranylgeranyl cysteine;C;[-3, -2];ECO_0000269;doi:10.1126/scisignal.aac9171;true;CCX;HPAKKKSCCG
Q9BZG1;RAB34;Ras-related protein Rab-34;Rab;Membrane;S-geranylgeranyl cysteine;C;[-3, -2];ECO_0000255;;true;CCX;ASKKKPTCCP
Q9H082;RB33B;Ras-related protein Rab-33B;Rab;Membrane;S-geranylgeranyl cysteine;C;[-3, -1];ECO_0000250;;true;CXC;EPKPAMTCWC
Q9H0T7;RAB17;Ras-related protein Rab-17;Rab;Membrane;S-geranylgeranyl cysteine;C;[-4, -3];ECO_0000250;;true;CXXX;PARQAKCCAH
Q9H0U4;RAB1B;Ras-related protein Rab-1B;Rab;Membrane;S-geranylgeranyl cysteine;C;[-2, -1];ECO_0000269;doi:10.1042/bj3181007;true;CC;PVKPAGGGCC
Q9HBH0;RHOF;Rho-related GTP-binding protein RhoF;Rho;Membrane;S-geranylgeranyl cysteine;C;-4;ECO_0000255;;true;CAAX;QKKRRLCLLL
Q9NP72;RAB18;Ras-related protein Rab-18;Rab;Membrane;S-geranylgeranyl cysteine;C;-4;ECO_0000250;;true;CXXX;GACGGYCSVL
Q9NP90;RAB9B;Ras-related protein Rab-9B;Rab;Membrane;S-geranylgeranyl cysteine;C;[-2, -1];ECO_0000250;;true;CC;SGSKAGSSCC
Q9NRW1;RAB6B;Ras-related protein Rab-6B;Rab;Membrane;S-geranylgeranyl cysteine;C;[-3, -1];ECO_0000250;;true;CXC;PPASEGGCSC
Q9NX57;RAB20;Ras-related protein Rab-20;Rab;Membrane;S-geranylgeranyl cysteine;C;[-3, -2];ECO_0000250;;true;CCX;PKRTRSGCCA
Q9UBI6;GBG12;Guanine nucleotide-binding protein G(I)/G(S)/G(O) subunit gamma-12;G protein gamma;Membrane;S-geranylgeranyl cysteine;C;-4;ECO_0000269;doi:10.1074/mcp.m113.030114;true;CAAX;FKDKKTCIIL
Q9UK08;GBG8;Guanine nucleotide-binding protein G(I)/G(S)/G(O) subunit gamma-8;G protein gamma;Membrane;S-geranylgeranyl cysteine;C;-4;ECO_0000250;;true;CAAX;RDKRLFCVLL
Q9UKC9;FBXL2;F-box/LRR-repeat protein 2;FBXL2;Membrane;S-geranylgeranyl cysteine;C;-4;ECO_0000305;doi:10.1016/j.molcel.2005.04.004;true;CAAX;QRLCRCCVIL
Q9UL25;RAB21;Ras-related protein Rab-21;Rab;Membrane;S-geranylgeranyl cysteine;C;[-5, -4];ECO_0000250;;true;CXXX;TSGGGCCSSG
Q9UL26;RB22A;Ras-related protein Rab-22A;Rab;Membrane;S-geranylgeranyl cysteine;C;[-2, -1];ECO_0000250;;true;CC;QPSEPKRSCC
Q9ULC3;RAB23;Ras-related protein Rab-23;Rab;Membrane;S-geranylgeranyl cysteine;C;-4;ECO_0000250;;true;CXXX;RNPFSSCSIP
Q9ULW5;RAB26;Ras-related protein Rab-26;Rab;Membrane;S-geranylgeranyl cysteine;C;[-4, -3];ECO_0000250;;true;CXXX;EGRGASCCRP
Q9Y3L5;RAP2C;Ras-related protein Rap-2c;Ras;Membrane;S-geranylgeranyl cysteine;C;-4;ECO_0000250;;true;CAAX;DQCCTTCVVQ
O15498;YKT6;Synaptobrevin homolog YKT6;synaptobrevin;Membrane;[S-farnesyl cysteine, S-geranylgeranyl cysteine];C;-4;['ECO_0000269', 'extended_search'];['doi.org/10.15252/embj.2019104120', 'doi:10.1073/pnas.0401183101'];true;CAAX;RKQNSCCAIM
P62745;RHOB;Rho-related GTP-binding protein RhoB;Rho;Membrane;[S-farnesyl cysteine, S-geranylgeranyl cysteine];C;-4;ECO_0000269;['doi:10.1074/jbc.270.14.7864', 'doi:10.1016/s0021-9258(19)88661-1'];true;CXXX;NGCINCCKVL
